model,avg_compactness,avg_diameter,k-means,k-medoids,max_diameter,worst_avg_spread
GreedyCohesive,0.5436755342456316,0.5921962117417792,7.483105430734004,24.931929383882782,0.853486266256802,0.8063947253730394
KMeans,0.3782648310445182,0.4239540194760017,6.652053502260549,22.982574775175475,0.6941606589177532,0.6806863701204697
KMedoids,0.3002140229227869,0.3414960661855666,6.497427151579784,22.525415016475264,0.6733152115659148,0.5652220346948406
Baseline,0.6229399134396247,0.677738982649221,9.519000749444901,28.585938184071672,0.8764728245845965,0.7455537265822443
