model,avg_compactness,avg_diameter,k-means,k-medoids,max_diameter,worst_avg_spread
GreedyCohesive,0.6089505162931246,0.634699957641793,12.916526503345018,37.25737776676391,0.8914731528386707,0.8914731528386707
KMeans,0.3953544949213768,0.4174700195743831,9.244975107314504,29.926542752347977,0.7283864469734181,0.614285290413071
KMedoids,0.32609207658212613,0.35351631586815474,9.2984615712123,29.729596603846566,0.7283864469734181,0.614285290413071
Baseline,0.6784176477722481,0.7131241161295099,12.481231717681977,35.35709995810904,0.8840606183902948,0.8840606183902948
