model,avg_compactness,avg_diameter,k-means,k-medoids,max_diameter,worst_avg_spread
GreedyCohesive,0.555688714099243,0.5895267780787237,10.849628510228992,33.7115200361775,0.8988676830725215,0.806427279238057
KMeans,0.38147504800321197,0.4072243316126155,9.571363049409863,30.31887581280648,0.7395311125070132,0.6537896519771699
KMedoids,0.31066558226672397,0.3392902474638534,9.380322216433902,29.735769394478808,0.7279597566829888,0.6098005331219921
Baseline,0.6796336088905064,0.7145021275193212,12.525997410822475,35.41769188753338,0.8838720825073287,0.8838720825073287
