model,avg_compactness,avg_diameter,core,fjr,k-means,k-medoids,max_diameter,worst_avg_spread
GreedyCohesive,0.7171902374591266,0.8327244910986663,1.027596833186997,1,39.94813807516621,101.33701476879364,1.1892268312330427,0.9226317617055199
KMeans,0.6992182535572737,0.8326784421971212,1.130210234187492,1,38.07970893141669,97.44546455897061,1.0515182655880602,0.7555926367238599
KMedoids,0.6449192514328643,0.754246089077947,1.1702013063948313,1,37.94549970314169,95.32992386562083,0.9114458991634165,0.7430079626236643
Baseline,0.7661121837441798,0.8860751519335689,1.2365676653211808,1,45.16691654966288,109.4494092533977,1.1015155797355471,0.8018541126685712
