model,avg_compactness,avg_diameter,k-means,k-medoids,max_diameter,worst_avg_spread
GreedyCohesive,0.8442395641255707,0.9210989530424168,27.464571395469864,53.243618572794546,1.1852166292189779,1.1221936124952643
KMeans,0.7723000268889318,0.8240120997471408,25.12305125390806,49.78139195739996,1.140102141256559,1.0160308770113449
KMedoids,0.6855663336259675,0.7406246608964644,25.087956732248447,49.238233767256666,1.1022748691032238,0.9974550374273393
Baseline,0.9723034901614526,1.0259621507543135,26.21756445725202,52.00017536828106,1.1680532274776398,1.0682773144448363
