model,avg_compactness,avg_diameter,core_avg,core_max,fjr_avg,fjr_max,k-means,k-medoids,max_diameter,silhouette,worst_avg_spread
GreedyCohesive,0.6324418647933796,0.672256249680923,1.0654465183425748,1.083082698429471,1,1.083082698429471,13.87840193337386,38.32939222603416,0.8728268043407623,0.012759672904034859,0.8728268043407623
KMeans,0.4354495812135985,0.45480960980134477,1.4560339802129842,1.1533951014150434,1,1.1000402835315501,12.732971748508215,35.15742167376226,0.824052760629179,0.012080672136199582,0.734589405636757
KMedoids,0.39823011658913254,0.41948549235132204,1.3853541850816073,1.1533951014150434,1,1.1000402835315501,12.648682652691091,34.81062345438952,0.7913542651244192,0.01849192400451035,0.7133204270915526
Baseline,0.7351219215717905,0.7604873849292036,1.1463664668384272,1.2019371168682007,1,1.1462303260080073,14.52641854400955,38.709988808078926,0.8451086320638349,-0.06309964664451659,0.8236415977977579
