model,avg_compactness,avg_diameter,k-means,k-medoids,max_diameter,worst_avg_spread
GreedyCohesive,0.5546811701026673,0.5883570997998511,10.80991246763114,33.65234719222863,0.8963010490956593,0.8046692589315513
KMeans,0.4171829025944628,0.44452138802889296,9.343979710911762,30.203070605447152,0.7265556740165638,0.6336302752826143
KMedoids,0.34338017812105737,0.36948861134787314,9.273643156782278,29.72994521481571,0.7283864469734181,0.614285290413071
Baseline,0.6784176477722481,0.7131241161295099,12.481231717681977,35.35709995810904,0.8840606183902948,0.8840606183902948
