model,avg_compactness,avg_diameter,core_avg,core_max,fjr_avg,fjr_max,k-means,k-medoids,max_diameter,silhouette,worst_avg_spread
GreedyCohesive,0.6324418647933796,0.672256249680923,1.0654465183425748,1.083082698429471,1,1.083082698429471,13.87840193337386,38.32939222603416,0.8728268043407623,0.012759672904034859,0.8728268043407623
KMeans,0.42288371236090794,0.44683220771941656,1.4267210938685484,1.125986236354497,1,1.099462818174603,12.661624900173793,35.289090381901055,0.8235267296261453,0.014920956598040646,0.7294553206685067
KMedoids,0.39770931922622815,0.41906072378644443,1.3853541850816073,1.1533951014150434,1,1.1000402835315501,12.633617346228522,34.78525079833366,0.7913542651244192,0.018155157946529398,0.7133204270915526
Baseline,0.7351219215717905,0.7604873849292036,1.1463664668384272,1.2019371168682007,1,1.1462303260080073,14.52641854400955,38.709988808078926,0.8451086320638349,-0.06309964664451659,0.8236415977977579
