model,avg_compactness,avg_diameter,k-means,k-medoids,max_diameter,worst_avg_spread
GreedyCohesive,0.6016101505771239,0.6309504070067623,12.648842971683251,36.77588595955002,0.8568036044858465,0.816316053832244
KMeans,0.4194531426498428,0.44259445637024486,9.343009285792155,30.248923140126813,0.7247049950163754,0.657298993186892
KMedoids,0.34175277698486617,0.3654366639937018,9.27715193761614,29.75283017287821,0.7283864469734181,0.614285290413071
Baseline,0.6784176477722481,0.7131241161295099,12.481231717681977,35.35709995810904,0.8840606183902948,0.8840606183902948
