model,avg_compactness,avg_diameter,k-means,k-medoids,max_diameter,worst_avg_spread
GreedyCohesive,0.866046220226472,0.9125222051013557,26.10718341533405,52.85117492679664,1.1011959362082822,1.0885516517012837
KMeans,0.5583223885162281,0.5946225141296921,24.44521299442406,48.6932041863537,1.164307906798785,1.0454070710183727
KMedoids,0.5217082919919078,0.5535529224131991,24.082146971601247,48.32233789899536,1.1196925262238877,0.9860171024472516
Baseline,1.0205386661438696,1.0527816055410963,28.016180482982733,53.83638139907812,1.1320582438447415,1.105140124275881
