model,avg_compactness,avg_diameter,core_avg,core_max,fjr_avg,fjr_max,k-means,k-medoids,max_diameter,silhouette,worst_avg_spread
GreedyCohesive,0.8442395641255707,0.9210989530424168,1.1001362012346578,1.055753449447009,1,1.0433637940143403,27.464571395469864,53.243618572794546,1.1852166292189779,0.007653242696380225,1.1221936124952643
KMeans,0.8911279435166837,0.944002248755936,1.158140582452138,1.0567956449840201,1,1.0567956449840201,24.882339626482395,49.96922174545677,1.1079888343992224,0.04006879158497392,1.0109096675357188
KMedoids,0.727958436988732,0.7858053878432386,1.2282850140343098,1.1132434431274405,1,1.0999206851124474,25.003875554075012,49.37764032746462,1.1022748691032238,0.03582171164170445,0.9974550374273393
Baseline,0.9723034901614526,1.0259621507543135,1.0536448952366997,1.0992560772411495,1,1.0992560772411495,26.21756445725202,52.00017536828108,1.1680532274776398,0.007053877703144501,1.0682773144448363
