model,avg_compactness,avg_diameter,k-means,k-medoids,max_diameter,worst_avg_spread
GreedyCohesive,0.5702292077765306,0.6406989126021898,12.743967002703265,35.35967420037878,0.9233490049675297,0.8422165116321452
KMeans,0.5623619319797852,0.6134465815398489,11.360990698802707,32.337189082158886,0.8152946902265166,0.7628754325733873
KMedoids,0.36606285156801105,0.41254557831737804,11.414940325299236,31.395697267961463,0.8315750647779542,0.6667800956029138
Baseline,0.6776742349469456,0.7610952665455617,13.03473663780614,35.21962858552206,0.9039646255814274,0.8111000898923958
