model,avg_compactness,avg_diameter,k-means,k-medoids,max_diameter,worst_avg_spread
GreedyCohesive,0.5546811701026673,0.5883570997998511,10.80991246763114,33.65234719222863,0.8963010490956593,0.8046692589315513
KMeans,0.40148848643149904,0.42991885188589773,9.301769625688117,30.14590699217297,0.7014163552422722,0.6480498414135596
KMedoids,0.32609207658212613,0.35351631586815474,9.2984615712123,29.729596603846566,0.7283864469734181,0.614285290413071
Baseline,0.6784176477722481,0.7131241161295099,12.481231717681977,35.35709995810904,0.8840606183902948,0.8840606183902948
