model,avg_compactness,avg_diameter,k-means,k-medoids,max_diameter,worst_avg_spread
GreedyCohesive,0.6388459337069194,0.7283278101004687,12.22103944999981,31.38498448705404,0.937360281173938,0.8417904739610503
KMeans,0.6030878758418514,0.6883901991938077,11.159041727880401,29.368147674091865,0.8738507095565353,0.7330696645522278
KMedoids,0.6126700152946788,0.6940633296350018,11.099275591128698,28.847266597204314,0.8233768909249083,0.7129684345918512
Baseline,0.7430744446527838,0.8540914828223192,12.84397343228206,32.11166536495403,0.9605703982784725,0.7876209980685661
