model,avg_compactness,avg_diameter,core_avg,core_max,fjr_avg,fjr_max,k-means,k-medoids,max_diameter,silhouette,worst_avg_spread
GreedyCohesive,0.7171902374591266,0.8327244910986663,1.027596833186997,1.0515454820257113,1,1.028636378903173,39.94813807516621,101.33701476879364,1.1892268312330427,0.016135165526105062,0.9226317617055199
KMeans,0.6414189782790907,0.7550654271527284,1.0999866635193722,1.1045070652884768,1,1.0799171675735408,38.20879871478293,98.75634895735,0.912535649798566,0.014533407276777946,0.7426734461064286
KMedoids,0.6449192514328643,0.754246089077947,1.1702013063948313,1.197437451562185,1,1.1565883236527674,37.94549970314169,95.32992386562083,0.9114458991634165,0.0353839851566268,0.7430079626236643
Baseline,0.7661121837441798,0.886075151933569,1.2365676653211808,1.2464329935761986,1,1.2016269947441627,45.16691654966287,109.44940925339772,1.1015155797355471,-0.07901075769472567,0.8018541126685712
