model,avg_compactness,avg_diameter,core_avg,core_max,fjr_avg,fjr_max,k-means,k-medoids,max_diameter,silhouette,worst_avg_spread
GreedyCohesive,0.5546811701026673,0.5883570997998511,1.0419031180138483,1.06829797127804,1,1.0434623453587526,10.80991246763114,33.65234719222863,0.8963010490956593,0.0254814579308566,0.8046692589315513
KMeans,0.3988126535177512,0.42448706304261635,1.4693477675148767,1.2824262009254142,1,1.2824262009254142,9.432826558580688,30.19467137884135,0.766959358326088,0.036360329314434954,0.6667561657069118
KMedoids,0.34175277698486617,0.3654366639937018,1.4802100386903883,1.2275926416537652,1,1.2275926416537652,9.27715193761614,29.75283017287821,0.7283864469734181,0.04610080295696339,0.614285290413071
Baseline,0.6784176477722482,0.7131241161295098,1.2828125766131304,1.3414582395490258,1,1.308145240568633,12.481231717681977,35.357099958109046,0.8840606183902948,-0.11090233514445529,0.8840606183902948
