model,avg_compactness,avg_diameter,k-means,k-medoids,max_diameter,worst_avg_spread
GreedyCohesive,0.5802805394026768,0.6641198879170167,44.39648657485013,127.04313998728189,0.9370798045296105,0.8270131502212508
KMeans,0.5834520285879445,0.6792180781481436,40.53376723745082,118.97619383723332,0.8320602669148224,0.6990381982342438
KMedoids,0.5154637824715792,0.5973068030756389,40.444324240640796,117.4995083095339,0.7909784382290931,0.6616721299132695
Baseline,0.6823257264955722,0.7963660875116527,49.95740110343114,135.70621068592772,0.8881216740247547,0.7562950619883734
