model,avg_compactness,avg_diameter,core_avg,core_max,fjr_avg,fjr_max,k-means,k-medoids,max_diameter,silhouette,worst_avg_spread
GreedyCohesive,0.866046220226472,0.9125222051013557,1.0426900908251868,1.0852549757908212,1,1.0852549757908212,26.10718341533405,52.85117492679664,1.1011959362082822,0.024656677549834187,1.0885516517012837
KMeans,0.6968816793846806,0.7258840853785884,1.3570787695061766,1.1115489266636094,1,1.0984255235267142,23.993157262008456,48.96266066412993,1.1306585761817316,0.032669881771572214,1.0188230581008124
KMedoids,0.5221652301500208,0.5538194598702166,1.4328838489652043,1.145693511154965,1,1.1318179386640161,23.75757114701792,48.329860404782515,1.0922493436371776,0.03353374665789397,0.9792377181137271
Baseline,1.0205386661438696,1.0527816055410963,1.1560629529574133,1.2190027094135796,1,1.2190027094135796,28.016180482982733,53.83638139907812,1.1320582438447415,-0.062010170934877595,1.105140124275881
