model,avg_compactness,avg_diameter,core,fjr,k-means,k-medoids,max_diameter,worst_avg_spread
GreedyCohesive,0.5802805394026768,0.6641198879170167,1.0628003574027978,1,44.39648657485013,127.04313998728189,0.9370798045296105,0.8270131502212508
KMeans,0.5350113266885724,0.6118334180156375,1.1728826203718816,1,40.81940707212192,119.58363262703396,0.8115678812510861,0.7100985958537529
KMedoids,0.5154637824715792,0.5973068030756389,1.1592710981398766,1,40.444324240640796,117.4995083095339,0.7909784382290931,0.6616721299132695
Baseline,0.6823257264955722,0.7963660875116527,1.1665241954161352,1,49.95740110343114,135.70621068592772,0.8881216740247547,0.7562950619883734
