model,avg_compactness,avg_diameter,core,fjr,k-means,k-medoids,max_diameter,worst_avg_spread
GreedyCohesive,0.5546811701026673,0.5883570997998511,1.0419031180138483,1,10.80991246763114,33.65234719222863,0.8963010490956593,0.8046692589315513
KMeans,0.38353357074037175,0.41353350464601546,1.4062693312671137,1,9.439163765306416,30.164696175604192,0.7455731319433938,0.6336302752826143
KMedoids,0.34245942621998265,0.3654366639937018,1.4802100386903883,1,9.28239919491012,29.716801562862113,0.7283864469734181,0.614285290413071
Baseline,0.6784176477722481,0.7131241161295099,1.2828125766131304,1,12.481231717681977,35.35709995810904,0.8840606183902948,0.8840606183902948
