model,avg_compactness,avg_diameter,k-means,k-medoids,max_diameter,worst_avg_spread
GreedyCohesive,0.9384797106627571,0.9859782858260719,21.310600609340536,43.90706030789279,1.1897522764156172,1.118079862249866
KMeans,0.6638744524560736,0.715182148028534,21.463419158341615,42.95097398204093,1.1271207786468525,0.992236609258278
KMedoids,0.6500154823080725,0.6948582674638141,21.03047215268016,42.436698762357295,1.1126461226913087,0.9783459693877089
Baseline,0.9984212466286612,1.050918359224594,24.06810353042045,46.66428913587333,1.1669610834003532,1.0805949248875815
