model,avg_compactness,avg_diameter,core_avg,core_max,fjr_avg,fjr_max,k-means,k-medoids,max_diameter,silhouette,worst_avg_spread
GreedyCohesive,0.9384797106627571,0.9859782858260719,1.0643925534954088,1.042229911466776,1,1.0301642224762686,21.310600609340536,43.90706030789279,1.1897522764156172,0.02171568219739299,1.118079862249866
KMeans,0.6911901821671483,0.7325512381250313,1.395388126763178,1.1251252816704915,1,1.1251252816704915,20.855990576966043,42.66125545522388,1.1088671643636876,0.03201448238353133,0.9741135767699552
KMedoids,0.6492833227665065,0.691747708458977,1.3746046060044814,1.1154618799345726,1,1.1154618799345726,20.87880714747866,42.421812693775074,1.08568937933845,0.035369931882575784,0.9623520533661496
Baseline,0.998421246628661,1.050918359224594,1.1620349136147679,1.2188331962218115,1,1.2188331962218115,24.068103530420448,46.66428913587334,1.1669610834003532,-0.049598619182975576,1.0805949248875815
