model,avg_compactness,avg_diameter,k-means,k-medoids,max_diameter,worst_avg_spread
GreedyCohesive,0.6016101505771239,0.6309504070067623,12.648842971683253,36.77588595955002,0.8568036044858465,0.816316053832244
KMeans,0.4169850101386674,0.44328851993656093,9.32255782040212,30.06587055546093,0.7247049950163754,0.6648737758887334
KMedoids,0.34338017812105737,0.36948861134787314,9.273643156782278,29.72994521481571,0.7283864469734181,0.614285290413071
Baseline,0.6784176477722481,0.7131241161295099,12.481231717681977,35.35709995810904,0.8840606183902948,0.8840606183902948
