model,avg_compactness,avg_diameter,k-means,k-medoids,max_diameter,worst_avg_spread
GreedyCohesive,0.5987544790958597,0.6779027681536752,47.274012232393424,134.9729703995054,0.9201025335719705,0.8213875369614925
KMeans,0.5842070720504654,0.6652240121660218,40.945629736997255,119.88403394219807,0.7894005962925678,0.71975436852704
KMedoids,0.5154637824715792,0.5973068030756389,40.444324240640796,117.4995083095339,0.7909784382290931,0.6616721299132695
Baseline,0.6823257264955722,0.7963660875116527,49.95740110343114,135.70621068592772,0.8881216740247547,0.7562950619883734
