model,avg_compactness,avg_diameter,k-means,k-medoids,max_diameter,worst_avg_spread
GreedyCohesive,0.7171902374591266,0.8327244910986663,39.94813807516621,101.33701476879364,1.1892268312330427,0.9226317617055199
KMeans,0.5931816388777935,0.6953724522451518,37.75012347035729,97.08020076071213,0.9917209359117568,0.7534379727141362
KMedoids,0.6479913764986892,0.7572801984653222,38.029977314563325,95.33225958019554,0.8913423166065061,0.7430079626236643
Baseline,0.7661121837441798,0.8860751519335689,45.16691654966288,109.4494092533977,1.1015155797355471,0.8018541126685712
