model,avg_compactness,avg_diameter,core_avg,core_max,fjr_avg,fjr_max,k-means,k-medoids,max_diameter,silhouette,worst_avg_spread
GreedyCohesive,0.5702292077765306,0.6406989126021898,1.0410788409771436,1.1222308762341224,1,1.0964980601848335,12.743967002703265,35.35967420037878,0.9233490049675297,0.025790683138103388,0.8422165116321452
KMeans,0.5717829895277826,0.6174578787059599,1.192645324756283,1.126863722044717,1,1.11350964604001,11.123268715943958,32.53528481821001,0.8461609795313672,0.030677369700711193,0.7321009549358336
KMedoids,0.36606285156801105,0.41254557831737804,1.3747998913229411,1.1851689542403614,1,1.1851689542403614,11.414940325299236,31.395697267961463,0.8315750647779542,0.020591215196600707,0.6667800956029138
Baseline,0.6776742349469456,0.7610952665455618,1.1125308997474899,1.256016470626044,1,1.256016470626044,13.03473663780614,35.21962858552206,0.9039646255814274,-0.06129403835619373,0.8111000898923958
