model,avg_compactness,avg_diameter,core,fjr,k-means,k-medoids,max_diameter,worst_avg_spread
GreedyCohesive,0.6388459337069194,0.7283278101004687,1.0398361908683769,1,12.22103944999981,31.38498448705404,0.937360281173938,0.8417904739610503
KMeans,0.6144964278986917,0.690563232881312,1.0926530960484282,1,11.179710040072251,29.17644687768527,0.8809362374977954,0.7336425342718221
KMedoids,0.611126934440802,0.6958775008077464,1.079885886011895,1,11.11711141850983,28.8698668846352,0.8809362374977954,0.7268808251196351
Baseline,0.7430744446527838,0.8540914828223192,1.1032464199112182,1,12.84397343228206,32.11166536495403,0.9605703982784725,0.7876209980685661
