model,avg_compactness,avg_diameter,core_avg,core_max,fjr_avg,fjr_max,k-means,k-medoids,max_diameter,silhouette,worst_avg_spread
GreedyCohesive,0.6388459337069194,0.7283278101004687,1.0398361908683769,1.054029685213304,1,1.0300164917851689,12.22103944999981,31.38498448705404,0.937360281173938,0.012970819866260848,0.8417904739610503
KMeans,0.6867498062022075,0.7653924720064169,1.0923172065150384,1.0537951476452134,1,1.0418406703907217,11.090960931540181,29.271797750954743,0.8809362374977954,0.04219880539415063,0.747460079204164
KMedoids,0.6126700152946788,0.6940633296350018,1.079885886011895,1.0528452635776677,1,1.0528452635776677,11.099275591128698,28.847266597204314,0.8233768909249083,0.041955636522709325,0.7129684345918512
Baseline,0.7430744446527838,0.8540914828223192,1.1032464199112182,1.1727726577763686,1,1.1451290325321497,12.84397343228206,32.11166536495403,0.9605703982784725,-0.03751425099377749,0.7876209980685661
