model,avg_compactness,avg_diameter,core_avg,core_max,fjr_avg,fjr_max,k-means,k-medoids,max_diameter,silhouette,worst_avg_spread
GreedyCohesive,0.5802805394026768,0.6641198879170167,1.0628003574027978,1.064648825774974,1,1.0293858298977157,44.39648657485013,127.04313998728189,0.9370798045296105,0.005130426872915075,0.8270131502212508
KMeans,0.5628027019020668,0.6542397119145945,1.1734001672166812,1.1815164168261592,1,1.1680707563205175,40.93824897153116,120.13512503122887,0.8119802697419239,-0.016343957944296533,0.6916915863307672
KMedoids,0.5318120011553729,0.6147788129195092,1.175007883337269,1.2238881224239209,1,1.169612213957516,40.44545298293847,117.51523507720093,0.7969190202756692,-0.0017359313771962955,0.6616721299132695
Baseline,0.6823257264955723,0.7963660875116528,1.1665241954161352,1.2572641020717201,1,1.2278624904063806,49.95740110343114,135.70621068592772,0.8881216740247547,-0.1036845520515344,0.7562950619883734
