model,avg_compactness,avg_diameter,core_avg,core_max,fjr_avg,fjr_max,k-means,k-medoids,max_diameter,silhouette,worst_avg_spread
GreedyCohesive,0.5436755342456316,0.5921962117417792,1.115368247281241,1.0432852983732872,1,1.0432852983732872,7.483105430734004,24.931929383882782,0.853486266256802,0.04483963784915243,0.8063947253730394
KMeans,0.3720328375229758,0.41180782800310706,1.5059330202937082,1.3765066440833218,1,1.3765066440833218,6.5960726418859155,23.06543779996645,0.6804371625624009,0.046776501450992596,0.6072288813583542
KMedoids,0.32201887598544415,0.35969615535533217,1.5059330202937082,1.3765066440833218,1,1.3765066440833218,6.433830222964689,22.522540002210597,0.6553162429052622,0.07678094602412473,0.5690691813116981
Baseline,0.6229399134396247,0.677738982649221,1.6426574982672326,1.6221631886402315,1,1.611527920458347,9.5190007494449,28.585938184071676,0.8764728245845965,-0.15529847674411248,0.7455537265822443
